<ImportExportXml xmlns:xsi="http://www.w3.org/2001/XMLSchema-instance">
  <Entities></Entities>
  <Roles></Roles>
  <Workflows>
    <Workflow WorkflowId="{4321ec99-b15b-4acc-9f4c-88c5ee33f5cb}" Name="Post Message To Azure Service Bus">
      <XamlFileName>/Workflows/PostMessageToAzureServiceBus-4321EC99-B15B-4ACC-9F4C-88C5EE33F5CB.xaml</XamlFileName>
      <Type>1</Type>
      <Subprocess>0</Subprocess>
      <Category>0</Category>
      <Mode>0</Mode>
      <Scope>4</Scope>
      <OnDemand>1</OnDemand>
      <TriggerOnCreate>0</TriggerOnCreate>
      <TriggerOnDelete>0</TriggerOnDelete>
      <AsyncAutodelete>0</AsyncAutodelete>
      <SyncWorkflowLogOnFailure>0</SyncWorkflowLogOnFailure>
      <StateCode>1</StateCode>
      <StatusCode>2</StatusCode>
      <RunAs>1</RunAs>
      <IsTransacted>1</IsTransacted>
      <IntroducedVersion>1.0.0.0</IntroducedVersion>
      <IsCustomizable>1</IsCustomizable>
      <PrimaryEntity>Contact</PrimaryEntity>
      <LocalizedNames>
        <LocalizedName languagecode="1033" description="Post Message To Azure Service Bus" />
      </LocalizedNames>
    </Workflow>
  </Workflows>
  <FieldSecurityProfiles></FieldSecurityProfiles>
  <Templates />
  <EntityMaps />
  <EntityRelationships />
  <OrganizationSettings />
  <optionsets />
  <CustomControls />
  <SolutionPluginAssemblies>
    <PluginAssembly FullName="Extending.Dyn365.v9.CustomWorkflowActivity, Version=2.0.0.0, Culture=neutral, PublicKeyToken=d5af913b353d5736" PluginAssemblyId="047f5d97-6412-4ea3-b121-28deffec4b20" CustomizationLevel="1">
      <IsolationMode>2</IsolationMode>
      <SourceType>0</SourceType>
      <IntroducedVersion>1.0</IntroducedVersion>
      <FileName>/PluginAssemblies/ExtendingDyn365v9CustomWorkflowActivity-047F5D97-6412-4EA3-B121-28DEFFEC4B20/ExtendingDyn365v9CustomWorkflowActivity.dll</FileName>
      <PluginTypes>
        <PluginType AssemblyQualifiedName="Extending.Dyn365.v9.CustomWorkflowActivity.PostMessageToASB, Extending.Dyn365.v9.CustomWorkflowActivity, Version=2.0.0.0, Culture=neutral, PublicKeyToken=d5af913b353d5736" PluginTypeId="2dc4e2a4-b61a-4f0b-8d1a-95d2e16dfd67" Name="Post message to Azure Service Bus">
          <FriendlyName>2046c0e8-b5a1-469a-b766-1af1d533270f</FriendlyName>
          <WorkflowActivityGroupName>Azure Integration Tools</WorkflowActivityGroupName>
        </PluginType>
      </PluginTypes>
    </PluginAssembly>
  </SolutionPluginAssemblies>
  <EntityDataProviders />
  <Languages>
    <Language>1033</Language>
  </Languages>
</ImportExportXml>